"";"newcol";"newcol";"newcol";"newcol";"newcol";"newcol";"newcol";"newcol";"newcol"
"1";2;5;6;6;6;6;6;6;18
"2";2;5;6;6;6;6;6;6;19
"3";2;5;6;6;6;6;6;6;19
"4";2;5;7;9;10;13;15;16;16
"5";2;5;7;9;10;13;15;17;17
"6";2;5;7;9;10;13;15;17;17
"7";2;5;7;9;10;13;15;17;17
"8";2;5;7;9;10;12;12;12;12
"9";2;5;7;9;10;13;15;17;17
"10";2;5;7;9;10;13;15;17;17
"11";2;5;6;6;6;6;6;6;18
"12";2;5;7;9;10;13;15;17;17
"13";2;5;6;6;6;6;6;6;19
"14";2;5;6;6;6;6;6;6;19
"15";2;5;6;6;6;6;6;6;18
"16";2;5;7;9;10;13;15;16;16
"17";2;5;7;9;10;12;12;12;12
"18";2;5;7;9;10;13;15;16;16
"19";2;5;6;6;6;6;6;6;18
"20";2;5;7;8;8;8;8;8;8
"21";2;5;7;9;10;13;15;17;17
"22";2;5;7;9;10;13;15;17;17
"23";2;5;7;9;10;13;15;16;16
"24";2;5;7;9;10;12;12;12;12
"25";2;5;7;9;10;13;15;17;17
"26";2;5;6;6;6;6;6;6;18
"27";2;5;6;6;6;6;6;6;18
"28";2;5;6;6;6;6;6;6;18
"29";2;5;6;6;6;6;6;6;18
"30";2;5;6;6;6;6;6;6;18
"31";2;5;6;6;6;6;6;6;19
"32";2;5;6;6;6;6;6;6;18
"33";2;5;7;9;10;13;15;17;17
"34";2;5;6;6;6;6;6;6;18
"35";2;5;6;6;6;6;6;6;18
"36";2;5;6;6;6;6;6;6;18
"37";2;5;6;6;6;6;6;6;18
"38";2;5;6;6;6;6;6;6;18
"39";2;5;6;6;6;6;6;6;18
"40";2;5;6;6;6;6;6;6;18
"41";2;5;6;6;6;6;6;6;19
"42";2;5;6;6;6;6;6;6;19
"43";2;5;6;6;6;6;6;6;19
"44";2;5;6;6;6;6;6;6;18
"45";3;3;3;3;3;3;3;3;3
"46";2;5;7;9;10;13;15;17;17
"47";2;5;7;9;10;13;15;16;16
"48";2;5;6;6;6;6;6;6;18
"49";2;5;6;6;6;6;6;6;18
"50";2;5;6;6;6;6;6;6;18
"51";2;5;6;6;6;6;6;6;19
"52";2;5;6;6;6;6;6;6;18
"53";2;5;6;6;6;6;6;6;18
"54";2;5;6;6;6;6;6;6;18
"55";2;5;6;6;6;6;6;6;18
"56";2;5;6;6;6;6;6;6;18
"57";2;5;6;6;6;6;6;6;18
"58";2;5;6;6;6;6;6;6;18
"59";2;5;6;6;6;6;6;6;18
"60";2;5;6;6;6;6;6;6;18
"61";2;5;6;6;6;6;6;6;18
"62";2;5;6;6;6;6;6;6;18
"63";2;5;7;9;10;13;15;17;17
"64";2;5;7;9;10;13;15;17;17
"65";2;5;7;9;10;13;15;16;16
"66";2;5;7;9;10;13;15;17;17
"67";2;5;7;9;10;13;15;17;17
"68";2;5;7;9;10;12;12;12;12
"69";2;5;7;9;10;13;15;16;16
"70";2;5;7;9;10;12;12;12;12
"71";2;5;7;9;10;12;12;12;12
"72";2;5;7;9;10;12;12;12;12
"73";2;5;7;9;10;12;12;12;12
"74";2;5;7;9;10;12;12;12;12
"75";2;5;7;9;10;12;12;12;12
"76";2;5;7;9;10;12;12;12;12
"77";2;5;7;9;10;12;12;12;12
"78";2;5;7;9;10;12;12;12;12
"79";2;5;7;9;10;12;12;12;12
"80";2;5;7;9;10;12;12;12;12
"81";2;5;7;9;10;12;12;12;12
"82";2;5;7;9;10;12;12;12;12
"83";2;5;7;9;10;12;12;12;12
"84";2;5;7;9;10;13;15;17;17
"85";2;5;7;9;10;12;12;12;12
"86";2;5;7;9;10;12;12;12;12
"87";2;5;7;9;10;12;12;12;12
"88";2;5;7;9;10;13;15;17;17
"89";2;5;7;9;10;12;12;12;12
"90";2;5;7;9;10;12;12;12;12
"91";2;5;7;9;10;12;12;12;12
"92";2;5;7;9;10;12;12;12;12
"93";2;5;7;9;10;12;12;12;12
"94";2;5;7;9;10;12;12;12;12
"95";2;5;7;9;10;13;15;17;17
"96";2;5;7;9;10;12;12;12;12
"97";2;5;7;9;10;12;12;12;12
"98";2;5;7;9;10;12;12;12;12
"99";2;5;7;9;10;13;15;17;17
"100";2;5;7;9;10;12;12;12;12
"101";2;5;7;9;10;12;12;12;12
"102";2;5;7;9;10;12;12;12;12
"103";2;5;7;9;10;12;12;12;12
"104";2;5;7;9;10;12;12;12;12
"105";2;5;7;9;10;12;12;12;12
"106";2;5;7;9;10;12;12;12;12
"107";2;5;7;9;10;12;12;12;12
"108";2;5;7;9;10;12;12;12;12
"109";2;5;7;9;10;12;12;12;12
"110";2;5;7;9;10;12;12;12;12
"111";2;5;6;6;6;6;6;6;18
"112";2;5;6;6;6;6;6;6;18
"113";2;5;6;6;6;6;6;6;18
"114";2;5;7;9;10;12;12;12;12
"115";2;5;6;6;6;6;6;6;18
"116";2;5;7;9;10;12;12;12;12
"117";2;5;6;6;6;6;6;6;18
"118";2;5;7;9;10;12;12;12;12
"119";2;5;7;9;10;12;12;12;12
"120";2;5;7;9;10;12;12;12;12
"121";2;5;7;9;10;13;14;14;14
"122";2;5;7;9;10;12;12;12;12
"123";2;5;7;9;10;12;12;12;12
"124";2;5;6;6;6;6;6;6;18
"125";2;5;7;9;10;13;15;17;17
"126";2;5;7;9;10;13;15;17;17
"127";2;5;6;6;6;6;6;6;18
"128";2;5;6;6;6;6;6;6;18
"129";2;5;6;6;6;6;6;6;18
"130";2;5;6;6;6;6;6;6;18
"131";2;5;6;6;6;6;6;6;18
"132";2;5;7;9;10;13;15;17;17
"133";2;5;7;9;10;12;12;12;12
"134";2;5;7;9;10;12;12;12;12
"135";2;5;7;9;10;12;12;12;12
"136";2;4;4;4;4;4;4;4;4
"137";2;5;7;9;10;13;15;17;17
"138";2;5;7;9;10;12;12;12;12
"139";2;4;4;4;4;4;4;4;4
"140";2;5;7;9;10;13;15;17;17
"141";2;5;7;9;10;13;14;14;14
"142";2;5;7;9;10;12;12;12;12
"143";2;5;7;9;10;13;15;17;17
"144";2;4;4;4;4;4;4;4;4
"145";2;4;4;4;4;4;4;4;4
"146";2;5;7;9;10;13;15;16;16
"147";2;4;4;4;4;4;4;4;4
"148";2;4;4;4;4;4;4;4;4
"149";2;4;4;4;4;4;4;4;4
"150";2;5;7;9;10;13;15;17;17
"151";2;4;4;4;4;4;4;4;4
"152";2;5;7;9;10;13;15;17;17
"153";2;4;4;4;4;4;4;4;4
"154";2;4;4;4;4;4;4;4;4
"155";2;5;7;9;10;13;14;14;14
"156";2;5;7;9;10;13;14;14;14
"157";2;5;7;9;10;12;12;12;12
"158";2;5;7;9;10;13;14;14;14
"159";2;5;7;9;10;12;12;12;12
"160";2;5;7;9;10;13;14;14;14
"161";2;5;7;9;10;13;15;16;16
"162";2;5;7;9;10;13;14;14;14
"163";2;5;7;9;10;13;15;17;17
"164";2;5;7;9;10;13;15;17;17
"165";2;5;7;9;10;13;15;17;17
"166";2;5;7;9;10;13;15;17;17
"167";2;5;7;9;10;13;15;17;17
"168";2;4;4;4;4;4;4;4;4
"169";2;5;6;6;6;6;6;6;18
"170";2;5;6;6;6;6;6;6;18
"171";2;5;6;6;6;6;6;6;18
"172";2;5;6;6;6;6;6;6;18
"173";2;5;6;6;6;6;6;6;18
"174";2;5;6;6;6;6;6;6;18
"175";2;5;6;6;6;6;6;6;18
"176";2;5;6;6;6;6;6;6;18
"177";2;5;6;6;6;6;6;6;18
"178";2;5;6;6;6;6;6;6;18
"179";2;5;6;6;6;6;6;6;18
"180";2;5;7;9;10;12;12;12;12
"181";2;5;7;9;10;13;15;17;17
"182";2;5;7;9;10;12;12;12;12
"183";2;4;4;4;4;4;4;4;4
"184";2;5;7;9;10;13;15;16;16
"185";2;5;6;6;6;6;6;6;18
"186";2;5;6;6;6;6;6;6;18
"187";2;5;6;6;6;6;6;6;18
"188";2;4;4;4;4;4;4;4;4
"189";2;5;7;9;10;13;15;17;17
"190";2;5;7;9;10;13;15;17;17
"191";2;5;7;9;10;13;15;16;16
"192";2;5;7;9;10;13;15;17;17
"193";2;5;6;6;6;6;6;6;18
"194";2;5;6;6;6;6;6;6;18
"195";2;5;6;6;6;6;6;6;18
"196";2;5;6;6;6;6;6;6;18
"197";2;5;6;6;6;6;6;6;18
"198";2;5;7;9;10;13;15;17;17
"199";2;5;6;6;6;6;6;6;18
"200";2;5;7;9;10;13;15;17;17
"201";2;5;6;6;6;6;6;6;18
"202";2;5;6;6;6;6;6;6;18
"203";2;5;6;6;6;6;6;6;18
"204";2;5;6;6;6;6;6;6;18
"205";2;5;6;6;6;6;6;6;18
"206";2;5;6;6;6;6;6;6;18
"207";2;4;4;4;4;4;4;4;4
"208";2;5;6;6;6;6;6;6;18
"209";2;5;6;6;6;6;6;6;18
"210";2;5;6;6;6;6;6;6;18
"211";2;5;7;9;10;12;12;12;12
"212";2;5;7;9;10;12;12;12;12
"213";2;5;7;9;10;12;12;12;12
"214";2;5;7;9;10;12;12;12;12
"215";2;5;7;9;11;11;11;11;11
"216";2;5;7;9;11;11;11;11;11
"217";2;5;7;9;11;11;11;11;11
"218";2;5;7;9;10;12;12;12;12
"219";2;5;7;9;10;12;12;12;12
"220";2;5;7;9;10;12;12;12;12
"221";2;5;7;9;11;11;11;11;11
"222";2;5;6;6;6;6;6;6;19
"223";2;5;7;9;10;13;15;17;17
"224";2;5;7;9;11;11;11;11;11
"225";2;5;7;9;11;11;11;11;11
"226";2;5;7;9;10;12;12;12;12
"227";2;5;7;9;11;11;11;11;11
"228";2;5;7;9;11;11;11;11;11
"229";2;5;7;9;10;12;12;12;12
"230";2;5;6;6;6;6;6;6;18
"231";2;5;7;9;10;12;12;12;12
"232";2;5;7;9;10;12;12;12;12
"233";2;5;7;9;11;11;11;11;11
"234";2;5;6;6;6;6;6;6;18
"235";2;5;7;9;11;11;11;11;11
"236";2;5;7;9;10;12;12;12;12
"237";2;5;6;6;6;6;6;6;18
"238";2;5;6;6;6;6;6;6;18
"239";2;5;7;9;10;12;12;12;12
"240";2;5;7;9;10;13;15;17;17
"241";2;5;7;9;10;12;12;12;12
"242";2;5;7;9;10;12;12;12;12
"243";2;5;7;9;10;12;12;12;12
"244";2;5;7;9;10;13;15;17;17
"245";2;5;7;9;10;12;12;12;12
"246";2;5;7;9;10;12;12;12;12
"247";2;5;7;9;10;13;15;16;16
"248";2;5;7;9;10;13;15;17;17
"249";2;5;7;9;10;12;12;12;12
"250";2;5;7;9;10;12;12;12;12
"251";2;5;7;9;10;12;12;12;12
"252";2;5;7;9;10;12;12;12;12
"253";2;5;7;9;10;12;12;12;12
"254";2;5;7;9;10;12;12;12;12
"255";2;5;7;9;10;12;12;12;12
"256";2;5;7;9;10;12;12;12;12
"257";2;5;7;9;10;12;12;12;12
"258";2;5;7;9;10;12;12;12;12
"259";2;5;7;9;10;12;12;12;12
"260";2;5;7;9;10;12;12;12;12
"261";2;5;7;9;10;12;12;12;12
"262";2;5;7;9;10;12;12;12;12
"263";2;5;7;9;10;12;12;12;12
"264";2;5;7;9;10;12;12;12;12
"265";2;5;6;6;6;6;6;6;18
"266";2;5;6;6;6;6;6;6;18
"267";2;5;7;9;10;12;12;12;12
"268";2;5;7;9;10;13;15;17;17
"269";2;5;7;9;10;13;15;17;17
"270";2;5;7;9;10;13;15;17;17
"271";2;5;6;6;6;6;6;6;18
"272";2;5;7;9;10;12;12;12;12
"273";2;5;7;9;10;13;15;16;16
"274";2;5;7;9;10;13;15;17;17
"275";2;5;7;9;10;13;15;16;16
"276";2;5;7;9;10;13;15;17;17
"277";2;5;7;9;10;13;15;17;17
"278";2;5;7;9;10;13;15;17;17
"279";2;5;7;9;10;13;15;17;17
"280";2;5;7;9;10;13;15;17;17
"281";2;5;7;9;10;13;15;16;16
"282";2;5;7;9;10;13;15;16;16
"283";2;5;7;9;10;13;15;17;17
"284";2;5;7;9;10;13;15;17;17
"285";2;5;7;9;10;13;15;17;17
"286";2;5;7;9;10;13;15;17;17
"287";2;5;7;9;10;13;15;17;17
"288";2;5;7;9;10;13;15;17;17
"289";2;5;7;9;10;13;15;17;17
"290";2;5;7;9;10;13;15;17;17
"291";2;5;7;9;10;13;15;17;17
"292";2;5;7;9;10;13;15;17;17
"293";2;5;7;9;10;13;15;17;17
"294";2;5;7;9;10;13;15;17;17
"295";2;5;7;9;10;13;15;17;17
"296";2;5;7;9;10;13;15;17;17
"297";2;5;7;9;10;13;15;17;17
"298";2;5;7;9;10;13;15;16;16
"299";2;5;7;9;10;13;15;16;16
"300";2;5;7;9;10;13;15;17;17
"301";2;5;7;9;10;13;15;17;17
"302";2;5;7;9;10;13;15;17;17
"303";2;5;7;9;10;13;15;17;17
"304";2;5;7;9;10;13;15;17;17
"305";2;5;7;9;10;12;12;12;12
"306";2;5;7;9;10;12;12;12;12
"307";2;5;7;9;10;12;12;12;12
"308";2;5;7;9;10;12;12;12;12
"309";2;5;7;9;10;13;15;17;17
"310";2;5;6;6;6;6;6;6;18
"311";2;5;6;6;6;6;6;6;19
"312";2;5;6;6;6;6;6;6;18
"313";2;5;7;9;10;12;12;12;12
"314";2;5;7;9;10;13;15;17;17
"315";2;5;7;9;10;12;12;12;12
"316";2;5;7;9;10;12;12;12;12
"317";2;5;7;9;10;12;12;12;12
"318";2;5;6;6;6;6;6;6;18
"319";2;5;7;9;10;12;12;12;12
"320";2;5;6;6;6;6;6;6;18
"321";2;5;7;9;10;12;12;12;12
"322";2;5;7;9;10;13;15;17;17
"323";2;5;6;6;6;6;6;6;18
"324";2;5;6;6;6;6;6;6;18
"325";2;5;6;6;6;6;6;6;18
"326";2;5;6;6;6;6;6;6;18
"327";2;5;6;6;6;6;6;6;18
"328";2;5;6;6;6;6;6;6;18
"329";2;5;7;9;10;13;15;17;17
"330";2;5;6;6;6;6;6;6;18
"331";2;5;7;9;10;13;15;17;17
"332";2;5;7;9;10;12;12;12;12
"333";2;5;7;9;10;12;12;12;12
"334";2;5;7;9;10;13;15;17;17
"335";2;5;7;9;10;13;15;17;17
"336";2;5;7;9;10;13;15;17;17
"337";2;5;7;9;10;13;15;17;17
"338";2;5;7;9;10;13;15;17;17
"339";2;5;7;9;10;12;12;12;12
"340";2;5;6;6;6;6;6;6;18
"341";2;5;6;6;6;6;6;6;18
"342";2;5;7;9;10;13;15;17;17
"343";2;5;6;6;6;6;6;6;18
"344";2;5;7;9;10;13;15;16;16
"345";2;5;6;6;6;6;6;6;18
"346";2;5;6;6;6;6;6;6;18
"347";2;5;6;6;6;6;6;6;18
"348";2;5;7;9;10;13;15;17;17
"349";2;5;7;9;10;13;15;17;17
"350";2;5;6;6;6;6;6;6;18
"351";2;5;6;6;6;6;6;6;18
"352";2;5;6;6;6;6;6;6;18
"353";2;5;6;6;6;6;6;6;18
"354";2;5;6;6;6;6;6;6;18
"355";2;5;6;6;6;6;6;6;18
"356";2;5;6;6;6;6;6;6;18
"357";2;5;6;6;6;6;6;6;18
"358";2;5;6;6;6;6;6;6;18
"359";2;5;7;9;10;12;12;12;12
"360";2;5;7;9;10;13;15;17;17
"361";2;5;6;6;6;6;6;6;18
"362";2;5;6;6;6;6;6;6;18
"363";2;5;7;9;10;13;15;17;17
"364";2;5;7;9;10;12;12;12;12
"365";2;5;7;9;10;12;12;12;12
"366";2;5;7;9;10;12;12;12;12
"367";2;5;6;6;6;6;6;6;18
"368";2;5;6;6;6;6;6;6;18
"369";2;5;7;9;10;13;15;17;17
"370";2;5;7;9;10;13;15;17;17
"371";2;5;6;6;6;6;6;6;18
"372";2;5;6;6;6;6;6;6;18
"373";2;5;7;9;10;12;12;12;12
"374";2;5;6;6;6;6;6;6;18
"375";2;5;6;6;6;6;6;6;18
"376";2;5;6;6;6;6;6;6;18
"377";2;5;6;6;6;6;6;6;18
"378";2;5;6;6;6;6;6;6;18
"379";2;5;6;6;6;6;6;6;18
"380";2;5;6;6;6;6;6;6;18
"381";2;5;6;6;6;6;6;6;18
"382";2;5;6;6;6;6;6;6;18
"383";2;5;6;6;6;6;6;6;18
"384";2;5;6;6;6;6;6;6;18
"385";2;5;6;6;6;6;6;6;18
"386";2;5;6;6;6;6;6;6;18
"387";2;5;6;6;6;6;6;6;18
"388";2;5;6;6;6;6;6;6;18
"389";2;5;6;6;6;6;6;6;18
"390";2;5;6;6;6;6;6;6;18
"391";2;5;6;6;6;6;6;6;19
"392";2;5;6;6;6;6;6;6;18
"393";2;5;7;9;10;13;15;17;17
"394";2;5;7;9;10;12;12;12;12
"395";2;5;7;9;10;13;15;17;17
"396";2;5;6;6;6;6;6;6;18
"397";2;5;6;6;6;6;6;6;18
"398";2;5;6;6;6;6;6;6;18
"399";2;5;6;6;6;6;6;6;18
"400";2;5;7;9;10;13;15;17;17
"401";2;5;7;9;10;13;15;17;17
"402";2;5;7;9;10;13;15;17;17
"403";2;5;7;9;10;13;15;17;17
"404";2;5;7;9;10;13;15;17;17
"405";2;5;7;9;10;13;15;17;17
"406";2;5;7;9;10;13;15;17;17
"407";2;5;7;9;10;13;15;17;17
"408";2;5;7;9;10;13;15;17;17
"409";2;5;7;9;10;13;15;17;17
"410";2;5;7;9;10;13;15;17;17
"411";2;5;7;9;10;13;15;17;17
"412";2;5;7;9;10;13;15;17;17
"413";2;5;7;9;10;13;15;17;17
"414";2;5;7;9;10;13;15;17;17
"415";2;5;7;9;10;12;12;12;12
"416";2;5;7;9;10;13;15;16;16
"417";2;5;7;9;10;13;15;17;17
"418";2;5;7;9;10;12;12;12;12
"419";2;5;7;9;10;13;15;17;17
"420";2;5;7;9;10;13;15;17;17
"421";2;5;7;9;10;13;15;16;16
"422";2;5;7;9;10;12;12;12;12
"423";2;5;7;9;10;13;15;17;17
"424";2;5;7;9;10;13;15;17;17
"425";2;5;7;9;10;13;15;17;17
"426";2;5;7;9;10;12;12;12;12
"427";2;5;7;9;10;13;15;17;17
"428";2;5;7;9;10;13;15;17;17
"429";2;5;7;9;10;12;12;12;12
"430";2;5;7;9;10;12;12;12;12
"431";2;5;7;9;10;13;15;17;17
"432";2;5;7;9;10;13;15;17;17
"433";2;5;7;9;10;13;15;17;17
"434";2;5;7;9;10;13;15;17;17
"435";2;5;7;9;10;13;15;16;16
"436";2;5;7;9;10;13;15;17;17
"437";2;5;7;9;10;13;15;17;17
"438";2;5;7;9;10;12;12;12;12
"439";2;5;7;9;10;12;12;12;12
"440";2;5;7;9;10;12;12;12;12
"441";2;5;7;9;10;12;12;12;12
"442";2;5;7;9;10;13;15;17;17
"443";2;5;7;9;10;13;15;17;17
"444";2;5;7;9;10;13;15;17;17
"445";2;5;7;9;10;13;15;17;17
"446";2;5;7;9;10;13;15;17;17
"447";2;5;7;9;10;13;15;17;17
"448";2;5;7;9;10;13;15;17;17
"449";2;5;7;9;10;13;15;17;17
"450";2;5;7;9;10;12;12;12;12
"451";2;5;7;9;10;13;15;17;17
"452";2;5;7;9;10;13;15;17;17
"453";2;5;7;9;11;11;11;11;11
"454";2;5;7;9;11;11;11;11;11
"455";2;5;7;9;10;13;15;16;16
"456";2;5;7;9;11;11;11;11;11
"457";2;5;7;9;11;11;11;11;11
"458";2;5;7;9;11;11;11;11;11
"459";2;5;7;9;11;11;11;11;11
"460";2;5;7;9;11;11;11;11;11
"461";2;5;7;9;11;11;11;11;11
"462";2;5;7;9;11;11;11;11;11
"463";2;5;7;9;11;11;11;11;11
"464";2;5;7;9;11;11;11;11;11
"465";2;5;7;9;10;12;12;12;12
"466";2;5;7;9;11;11;11;11;11
"467";2;5;7;9;11;11;11;11;11
"468";2;5;7;9;10;13;15;16;16
"469";2;5;7;9;10;13;15;16;16
"470";2;5;7;9;10;13;15;16;16
"471";2;5;7;9;10;13;15;16;16
"472";2;5;7;9;10;13;15;16;16
"473";2;5;7;9;10;13;15;16;16
"474";2;5;7;9;10;13;15;16;16
"475";2;5;7;9;10;13;15;16;16
"476";2;5;7;9;10;13;15;16;16
"477";2;5;7;9;10;13;15;16;16
"478";2;5;7;9;10;13;15;16;16
"479";2;5;7;9;10;13;15;16;16
"480";2;5;7;9;10;13;15;16;16
"481";2;5;7;9;10;13;15;16;16
"482";2;5;7;9;10;13;15;16;16
"483";2;5;7;9;10;13;15;16;16
"484";2;5;7;9;10;13;15;16;16
"485";2;5;7;9;10;13;15;16;16
"486";2;5;7;9;10;13;15;16;16
"487";2;5;7;9;10;13;15;16;16
"488";2;5;7;9;10;13;15;17;17
"489";2;5;7;9;10;12;12;12;12
"490";2;5;7;9;10;13;15;16;16
"491";2;5;7;9;10;13;15;16;16
"492";2;5;7;9;10;13;15;16;16
"493";2;5;7;9;10;12;12;12;12
"494";2;5;7;9;10;13;15;16;16
"495";2;5;7;9;10;13;15;16;16
"496";2;5;7;9;10;13;15;17;17
"497";2;5;7;9;10;13;15;17;17
"498";2;5;6;6;6;6;6;6;18
"499";2;5;6;6;6;6;6;6;18
"500";2;5;7;9;10;12;12;12;12
"501";2;5;7;9;10;12;12;12;12
"502";2;5;7;9;10;12;12;12;12
"503";2;5;7;9;10;13;15;17;17
"504";2;5;7;9;10;12;12;12;12
"505";2;5;7;9;10;12;12;12;12
"506";2;5;7;9;10;12;12;12;12
"507";2;5;7;9;10;13;15;17;17
"508";2;5;7;9;10;13;15;17;17
"509";2;5;7;9;10;13;15;17;17
"510";2;5;7;9;10;13;15;17;17
"511";2;5;7;9;10;12;12;12;12
"512";2;5;6;6;6;6;6;6;18
"513";2;5;6;6;6;6;6;6;18
"514";2;5;7;9;10;13;15;17;17
"515";2;5;7;9;10;13;15;17;17
"516";2;5;6;6;6;6;6;6;18
"517";2;5;6;6;6;6;6;6;18
"518";2;5;6;6;6;6;6;6;18
"519";2;5;6;6;6;6;6;6;18
"520";2;5;6;6;6;6;6;6;18
"521";2;5;7;9;10;13;15;17;17
"522";2;5;7;9;10;13;15;17;17
"523";2;5;6;6;6;6;6;6;18
"524";2;5;6;6;6;6;6;6;18
"525";2;5;7;8;8;8;8;8;8
"526";2;5;7;8;8;8;8;8;8
"527";2;5;7;8;8;8;8;8;8
"528";2;5;7;8;8;8;8;8;8
"529";2;5;7;8;8;8;8;8;8
"530";2;5;6;6;6;6;6;6;18
"531";2;5;6;6;6;6;6;6;18
"532";2;5;7;9;10;12;12;12;12
"533";2;5;7;9;10;12;12;12;12
"534";2;5;7;9;10;12;12;12;12
"535";2;5;7;9;10;12;12;12;12
"536";2;5;7;9;10;12;12;12;12
"537";2;5;7;9;10;12;12;12;12
"538";2;5;7;9;10;12;12;12;12
"539";2;5;7;9;10;12;12;12;12
"540";2;5;7;9;10;12;12;12;12
"541";2;5;7;9;10;12;12;12;12
"542";2;5;7;9;10;13;15;16;16
"543";2;5;7;9;10;13;15;17;17
"544";2;5;7;9;10;12;12;12;12
"545";2;5;7;9;10;12;12;12;12
"546";2;5;7;9;10;12;12;12;12
"547";2;5;7;9;10;12;12;12;12
"548";2;5;7;9;10;12;12;12;12
"549";2;5;7;9;10;12;12;12;12
"550";2;5;7;9;10;12;12;12;12
"551";2;5;7;9;10;12;12;12;12
"552";2;5;7;9;10;12;12;12;12
"553";2;5;7;9;10;12;12;12;12
"554";2;5;7;8;8;8;8;8;8
"555";2;5;7;8;8;8;8;8;8
"556";2;5;7;8;8;8;8;8;8
"557";2;5;7;8;8;8;8;8;8
"558";2;5;7;9;10;12;12;12;12
"559";2;5;7;9;10;13;15;17;17
"560";2;5;7;9;10;12;12;12;12
"561";2;5;7;9;10;12;12;12;12
"562";2;5;7;9;10;12;12;12;12
"563";2;5;7;9;10;13;15;17;17
"564";2;5;7;9;10;13;15;17;17
"565";2;5;7;9;10;12;12;12;12
"566";2;5;7;9;10;12;12;12;12
"567";2;5;7;9;10;12;12;12;12
"568";2;5;7;9;10;12;12;12;12
"569";2;5;6;6;6;6;6;6;18
"570";2;5;7;9;10;12;12;12;12
"571";2;5;7;9;10;12;12;12;12
"572";2;5;7;9;10;12;12;12;12
"573";2;5;7;9;10;13;15;17;17
"574";2;5;6;6;6;6;6;6;18
"575";2;5;6;6;6;6;6;6;18
"576";2;5;6;6;6;6;6;6;18
"577";2;5;6;6;6;6;6;6;18
"578";2;5;6;6;6;6;6;6;18
"579";2;5;6;6;6;6;6;6;18
"580";2;5;6;6;6;6;6;6;18
"581";2;5;6;6;6;6;6;6;18
"582";2;5;7;9;10;13;15;17;17
"583";2;5;6;6;6;6;6;6;18
"584";2;5;7;9;10;13;15;16;16
"585";2;5;7;9;10;13;15;17;17
"586";2;5;7;9;10;13;15;17;17
"587";2;5;7;9;10;13;15;17;17
"588";2;5;7;9;10;13;15;16;16
"589";2;5;6;6;6;6;6;6;18
"590";2;5;7;9;10;13;15;17;17
"591";2;5;7;9;10;13;15;17;17
"592";2;5;6;6;6;6;6;6;18
"593";2;5;7;9;10;13;15;16;16
"594";2;5;7;9;10;13;15;17;17
"595";2;5;7;9;10;13;15;16;16
"596";2;5;7;9;10;13;15;16;16
"597";2;5;7;9;10;13;15;17;17
"598";2;5;7;9;10;13;15;16;16
"599";2;5;7;9;10;12;12;12;12
"600";2;5;7;9;10;13;15;17;17
"601";2;5;7;9;10;12;12;12;12
"602";2;5;7;9;10;13;15;17;17
"603";2;5;7;9;10;13;15;17;17
"604";2;5;7;9;10;13;15;17;17
"605";2;5;6;6;6;6;6;6;18
"606";2;5;7;9;10;13;15;17;17
"607";2;5;7;9;10;13;15;17;17
"608";2;5;7;9;10;13;15;17;17
"609";2;5;7;9;10;13;15;17;17
"610";2;5;7;9;11;11;11;11;11
"611";2;5;7;9;10;12;12;12;12
"612";2;5;7;9;10;13;15;17;17
"613";2;5;7;9;10;12;12;12;12
"614";2;5;7;9;10;12;12;12;12
"615";2;5;7;8;8;8;8;8;8
"616";2;5;7;8;8;8;8;8;8
"617";2;5;7;9;10;12;12;12;12
"618";2;5;7;9;10;12;12;12;12
"619";2;5;7;9;10;12;12;12;12
"620";2;5;7;9;10;12;12;12;12
"621";2;5;7;9;10;12;12;12;12
"622";2;5;7;9;10;13;15;16;16
"623";2;5;7;9;10;12;12;12;12
"624";2;5;7;8;8;8;8;8;8
"625";2;5;7;9;10;12;12;12;12
"626";2;5;7;9;10;12;12;12;12
"627";2;5;6;6;6;6;6;6;19
"628";2;5;6;6;6;6;6;6;19
"629";2;5;6;6;6;6;6;6;19
"630";2;5;6;6;6;6;6;6;19
"631";2;5;6;6;6;6;6;6;19
"632";2;5;6;6;6;6;6;6;19
"633";2;5;6;6;6;6;6;6;19
"634";2;5;6;6;6;6;6;6;19
"635";2;5;6;6;6;6;6;6;19
"636";2;5;6;6;6;6;6;6;19
"637";2;5;7;9;10;13;15;17;17
"638";2;5;6;6;6;6;6;6;19
"639";2;5;6;6;6;6;6;6;19
"640";2;5;7;9;10;12;12;12;12
"641";2;5;7;9;10;12;12;12;12
"642";2;5;7;9;10;12;12;12;12
"643";2;5;7;9;10;12;12;12;12
"644";2;5;7;9;10;12;12;12;12
"645";2;5;7;9;10;12;12;12;12
"646";2;5;7;9;10;13;15;16;16
"647";2;5;7;9;10;12;12;12;12
"648";2;5;7;9;10;12;12;12;12
"649";2;5;7;9;10;12;12;12;12
"650";2;5;6;6;6;6;6;6;18
"651";2;5;6;6;6;6;6;6;18
"652";2;5;7;8;8;8;8;8;8
"653";2;5;6;6;6;6;6;6;18
"654";2;5;6;6;6;6;6;6;18
"655";2;5;6;6;6;6;6;6;18
"656";2;5;6;6;6;6;6;6;18
"657";2;5;6;6;6;6;6;6;18
"658";2;5;6;6;6;6;6;6;18
"659";2;5;6;6;6;6;6;6;18
"660";2;5;6;6;6;6;6;6;18
"661";2;5;6;6;6;6;6;6;18
"662";2;5;6;6;6;6;6;6;18
"663";2;5;7;9;10;12;12;12;12
"664";2;5;7;9;10;12;12;12;12
"665";2;5;7;9;10;12;12;12;12
"666";2;5;7;9;10;12;12;12;12
"667";2;5;7;9;10;12;12;12;12
"668";2;5;7;9;10;12;12;12;12
"669";2;5;7;9;11;11;11;11;11
"670";2;5;7;9;10;12;12;12;12
"671";2;5;7;9;10;12;12;12;12
